taxon	sequenceID	name	genus	major_clade	isolate	host_sci_name	sample_date	country
alignment/AL_TREE_Filoviridae/member/ncbi-refseqs/KX371887	KX371887	MLAV	Dianlovirus	-	Rousettus-wt/CHN/2015/Sharen-Bat9447-1	Rousettus sp.	-	China
alignment/AL_TREE_Filoviridae/member/ncbi-refseqs/NC_001608	NC_001608	MARV	Marburgvirus	-	Marburg virus/H.sapiens-tc/KEN/1980/Mt. Elgon-Musoke	-	-	Kenya
alignment/AL_TREE_Filoviridae/member/ncbi-refseqs/NC_002549	NC_002549	EBOV	Ebolavirus	-	Ebola virus/H.sapiens-tc/COD/1976/Yambuku-Mayinga	-	-	-
alignment/AL_TREE_Filoviridae/member/ncbi-refseqs/NC_004161	NC_004161	RESTV	Ebolavirus	-	Reston virus/M.fascicularis-tc/USA/1989/Philippines89-Pennsylvania	-	-	-
alignment/AL_TREE_Filoviridae/member/ncbi-refseqs/NC_006432	NC_006432	SUDV	Ebolavirus	-	Sudan virus/H.sapiens-tc/UGA/2000/Gulu-808892	-	-	Uganda
alignment/AL_TREE_Filoviridae/member/ncbi-refseqs/NC_014372	NC_014372	TAFV	Ebolavirus	-	Tai Forest virus/H.sapiens-tc/CIV/1994/Pauleoula-CI	Homo sapiens	-	Cote d'Ivoire
alignment/AL_TREE_Filoviridae/member/ncbi-refseqs/NC_014373	NC_014373	BDBV	Ebolavirus	-	Bundibugyo virus/H.sapiens-tc/UGA/2007/Butalya-811250	Homo sapiens	-	Uganda
alignment/AL_TREE_Filoviridae/member/ncbi-refseqs/NC_016144	NC_016144	LLOV	Cuevavirus	-	Lloviu virus/M.schreibersii-wt/ESP/2003/Asturias-Bat86	Miniopterus schreibersii	-	Spain
alignment/AL_TREE_Filoviridae/member/ncbi-refseqs/NC_039345	NC_039345	BOMV	Ebolavirus	-	Bombali ebolavirus/Mops condylurus/SLE/2016/PREDICT_SLAB000156	Mops condylurus	-	Sierra Leone
